customer_id,product_id,stars,time
2,73,4.9,2020-01-02
2,73,4.9,2020-01-02
20,4,2.0,2020-01-08
24,165,4.4,2020-01-10
5,47,2.7,2020-01-12
49,227,3.5,2020-01-13
19,8,4.9,2020-01-14
21,122,4.7,2020-01-14
40,53,2.0,2020-01-15
40,87,4.1,2020-01-15
40,53,2.0,2020-01-15
43,137,1.4,2020-01-17
43,71,3.5,2020-01-18
43,71,3.5,2020-01-18
34,94,4.9,2020-01-20
24,164,0.4,2020-01-20
41,3,4.5,2020-01-20
23,128,4.4,2020-01-22
46,160,4.8,2020-01-24
26,176,4.1,2020-01-25
41,195,4.7,2020-01-25
36,103,3.6,2020-01-27
10,156,3.8,2020-01-29
47,218,2.4,2020-01-31
20,67,4.9,2020-02-02
21,36,4.7,2020-02-03
47,125,4.7,2020-02-07
38,103,0.1,2020-02-08
44,180,3.2,2020-02-08
43,114,4.2,2020-02-09
42,40,4.3,2020-02-10
10,106,3.7,2020-02-14
43,119,2.0,2020-02-15
10,175,0.2,2020-02-21
50,93,4.4,2020-02-21
14,167,4.9,2020-02-24
4,130,4.5,2020-02-26
8,189,4.5,2020-02-29
22,91,3.8,2020-03-01
27,15,4.1,2020-03-01
12,83,0.7,2020-03-03
50,131,0.1,2020-03-04
28,194,3.0,2020-03-04
11,126,4.5,2020-03-04
37,145,3.8,2020-03-04
50,131,0.1,2020-03-04
50,8,4.3,2020-03-05
2,138,4.2,2020-03-05
18,24,1.7,2020-03-05
43,200,4.5,2020-03-05
22,213,4.6,2020-03-05
30,113,4.8,2020-03-09
27,112,2.0,2020-03-13
49,105,4.4,2020-03-14
35,3,0.4,2020-03-14
50,123,4.2,2020-03-15
31,123,4.6,2020-03-17
14,182,4.9,2020-03-18
29,82,4.2,2020-03-18
4,158,5.0,2020-03-19
31,158,4.7,2020-03-20
44,98,3.1,2020-03-21
47,208,4.7,2020-03-22
47,208,4.7,2020-03-22
28,140,4.7,2020-03-23
45,118,4.3,2020-03-24
45,118,4.3,2020-03-24
13,96,5.0,2020-03-25
1,163,4.6,2020-03-29
39,82,4.0,2020-03-29
27,92,2.5,2020-03-31
20,100,4.2,2020-03-31
50,149,0.3,2020-03-31
33,167,4.2,2020-04-03
37,112,0.7,2020-04-03
27,94,4.0,2020-04-04
39,205,3.9,2020-04-05
20,193,4.6,2020-04-06
15,67,2.4,2020-04-07
46,10,0.6,2020-04-10
32,71,0.0,2020-04-11
32,71,0.0,2020-04-11
44,9,3.4,2020-04-16
7,126,0.6,2020-04-19
38,173,1.8,2020-04-21
26,117,4.3,2020-04-21
38,173,1.8,2020-04-21
16,137,4.9,2020-04-23
29,10,2.5,2020-04-24
1,130,4.7,2020-04-24
13,77,3.3,2020-04-25
3,25,4.5,2020-04-26
33,52,4.3,2020-04-28
45,73,4.8,2020-04-29
45,73,4.8,2020-04-29
11,73,4.6,2020-05-04
11,73,4.6,2020-05-04
5,198,3.5,2020-05-07
36,65,4.1,2020-05-07
2,122,4.2,2020-05-11
16,44,1.9,2020-05-14
31,113,2.9,2020-05-17
31,113,2.9,2020-05-17
15,106,2.0,2020-05-18
43,80,4.4,2020-05-20
26,29,4.7,2020-05-20
9,127,4.0,2020-05-20
20,173,4.9,2020-05-21
27,188,5.0,2020-05-21
20,173,4.9,2020-05-21
20,173,4.9,2020-05-21
42,107,4.4,2020-05-26
3,126,4.9,2020-05-28
28,56,3.3,2020-06-01
22,60,4.0,2020-06-01
21,101,4.5,2020-06-01
35,73,4.9,2020-06-02
15,206,4.9,2020-06-02
35,73,4.9,2020-06-02
10,128,4.5,2020-06-03
22,72,0.4,2020-06-04
6,126,3.7,2020-06-04
13,74,2.8,2020-06-05
5,143,4.3,2020-06-07
39,69,3.7,2020-06-08
45,74,4.8,2020-06-08
39,69,3.7,2020-06-08
27,162,4.3,2020-06-08
45,74,4.8,2020-06-08
42,88,4.4,2020-06-09
18,135,1.0,2020-06-10
40,152,0.2,2020-06-12
15,145,4.3,2020-06-12
1,10,2.3,2020-06-12
11,162,4.1,2020-06-14
22,137,4.7,2020-06-17
24,195,4.5,2020-06-18
13,164,4.8,2020-06-21
28,212,4.9,2020-06-21
14,173,3.6,2020-06-22
14,173,3.6,2020-06-22
28,87,4.5,2020-06-22
14,173,3.6,2020-06-22
14,173,3.6,2020-06-22
28,87,4.5,2020-06-22
28,87,4.5,2020-06-22
46,126,2.4,2020-06-24
50,156,4.6,2020-06-27
16,163,1.7,2020-06-28
16,163,1.7,2020-06-28
16,163,1.7,2020-06-28
16,163,1.7,2020-06-28
40,140,4.6,2020-06-29
33,78,4.2,2020-06-29
44,8,4.4,2020-07-02
46,79,3.9,2020-07-02
13,94,0.9,2020-07-03
34,26,4.1,2020-07-03
38,201,1.5,2020-07-04
26,136,4.4,2020-07-05
26,136,4.4,2020-07-05
35,17,4.0,2020-07-05
25,168,0.8,2020-07-09
30,10,1.1,2020-07-09
22,227,0.4,2020-07-09
34,88,3.7,2020-07-13
25,10,4.7,2020-07-14
37,228,3.1,2020-07-15
37,228,3.1,2020-07-15
37,228,3.1,2020-07-15
45,106,5.0,2020-07-17
2,180,4.2,2020-07-17
30,146,4.5,2020-07-17
10,43,4.1,2020-07-17
17,146,4.1,2020-07-17
50,104,3.3,2020-07-20
14,193,2.3,2020-07-21
7,225,1.0,2020-07-22
18,186,3.7,2020-07-24
9,61,4.3,2020-07-24
31,91,4.8,2020-07-24
18,168,2.2,2020-07-24
41,218,4.4,2020-07-25
31,94,4.6,2020-07-25
34,28,4.1,2020-07-26
36,78,0.8,2020-07-28
22,175,4.8,2020-07-28
26,27,3.7,2020-07-28
27,65,1.2,2020-07-29
13,147,1.1,2020-07-30
50,177,3.9,2020-07-30
45,17,4.7,2020-08-01
30,181,3.3,2020-08-02
30,181,3.3,2020-08-02
45,8,4.4,2020-08-04
13,161,4.1,2020-08-04
5,66,4.9,2020-08-06
41,92,4.4,2020-08-06
17,78,4.5,2020-08-08
11,102,4.5,2020-08-11
49,13,4.6,2020-08-11
46,164,0.7,2020-08-15
50,78,2.3,2020-08-17
19,142,4.2,2020-08-18
19,142,4.2,2020-08-18
20,20,3.3,2020-08-19
34,158,4.8,2020-08-19
44,131,4.2,2020-08-19
37,226,3.8,2020-08-20
6,79,2.5,2020-08-22
27,91,4.7,2020-08-24
4,191,5.0,2020-08-24
30,155,4.5,2020-08-24
8,146,0.3,2020-08-25
19,217,3.5,2020-08-26
41,125,0.3,2020-08-27
41,125,0.3,2020-08-27
24,67,0.1,2020-08-29
47,84,3.6,2020-08-30
37,94,3.4,2020-08-30
39,49,3.7,2020-08-30
44,106,1.3,2020-09-02
44,106,1.3,2020-09-02
28,119,3.3,2020-09-02
28,204,0.8,2020-09-05
11,165,3.2,2020-09-07
26,67,0.1,2020-09-09
48,108,4.8,2020-09-10
15,94,4.3,2020-09-11
44,49,4.8,2020-09-14
11,169,3.1,2020-09-15
4,163,4.1,2020-09-18
4,163,4.1,2020-09-18
16,115,4.2,2020-09-21
4,136,2.0,2020-09-24
28,21,0.7,2020-09-24
46,22,4.8,2020-09-24
28,21,0.7,2020-09-24
4,136,2.0,2020-09-24
29,95,4.2,2020-09-24
33,211,0.2,2020-09-25
48,200,2.2,2020-09-26
11,55,0.9,2020-09-26
26,22,1.8,2020-09-29
5,77,4.1,2020-09-30
19,111,3.2,2020-09-30
39,84,1.6,2020-10-02
38,52,4.8,2020-10-02
47,61,4.9,2020-10-03
43,33,0.5,2020-10-06
43,33,0.5,2020-10-06
29,158,0.3,2020-10-06
37,151,4.5,2020-10-06
40,96,4.4,2020-10-09
5,156,3.5,2020-10-10
16,20,1.2,2020-10-11
32,222,3.3,2020-10-13
38,80,4.8,2020-10-13
20,119,4.8,2020-10-13
19,3,3.1,2020-10-14
24,156,4.5,2020-10-14
46,221,4.7,2020-10-16
28,183,4.0,2020-10-18
28,183,4.0,2020-10-18
28,183,4.0,2020-10-18
28,183,4.0,2020-10-18
20,144,4.2,2020-10-20
17,160,4.3,2020-10-21
9,89,4.0,2020-10-22
17,157,4.4,2020-10-22
22,22,0.2,2020-10-22
11,36,0.9,2020-10-23
36,181,4.0,2020-10-24
40,137,0.1,2020-10-24
47,66,4.9,2020-10-24
47,88,1.8,2020-10-25
43,224,3.8,2020-10-26
14,200,4.6,2020-10-26
14,152,2.9,2020-10-28
13,32,4.8,2020-10-29
13,32,4.8,2020-10-29
28,144,2.9,2020-10-30
17,166,4.5,2020-11-01
48,155,4.7,2020-11-03
27,95,4.4,2020-11-03
13,66,4.6,2020-11-05
18,118,0.3,2020-11-06
9,47,4.7,2020-11-07
38,27,4.7,2020-11-08
38,27,4.7,2020-11-08
6,72,2.0,2020-11-08
5,162,1.4,2020-11-08
6,223,4.5,2020-11-09
36,220,4.2,2020-11-10
50,102,4.9,2020-11-11
44,48,0.4,2020-11-11
45,162,4.9,2020-11-12
9,94,3.7,2020-11-12
27,125,5.0,2020-11-14
12,103,4.9,2020-11-14
27,125,5.0,2020-11-14
45,198,0.5,2020-11-15
30,52,1.9,2020-11-17
39,38,2.2,2020-11-18
50,216,4.3,2020-11-18
47,75,4.6,2020-11-19
34,159,1.7,2020-11-22
14,148,4.3,2020-11-24
40,108,4.7,2020-11-27
30,33,4.7,2020-11-29
32,154,4.3,2020-11-30
10,97,4.9,2020-12-02
35,150,3.1,2020-12-02
19,207,2.5,2020-12-02
3,161,4.9,2020-12-03
3,161,4.9,2020-12-03
6,213,4.8,2020-12-04
6,213,4.8,2020-12-04
48,60,4.3,2020-12-06
42,175,4.5,2020-12-08
39,171,4.5,2020-12-09
33,68,0.3,2020-12-11
46,97,4.8,2020-12-12
34,98,4.7,2020-12-15
24,149,4.9,2020-12-20
29,42,5.0,2020-12-21
41,171,3.9,2020-12-23
11,39,4.5,2020-12-23
8,18,4.6,2020-12-24
40,174,4.1,2020-12-24
27,215,3.7,2020-12-25
4,27,5.0,2020-12-28
37,78,0.1,2020-12-30
4,152,1.0,2020-12-31
39,108,1.2,2021-01-03
15,138,0.6,2021-01-04
33,40,1.9,2021-01-04
34,206,4.7,2021-01-06
6,33,3.9,2021-01-07
6,33,3.9,2021-01-07
6,33,3.9,2021-01-07
39,169,1.6,2021-01-07
33,173,4.8,2021-01-09
7,97,4.4,2021-01-12
24,142,2.4,2021-01-12
3,36,4.1,2021-01-15
47,116,4.3,2021-01-19
35,156,0.6,2021-01-19
21,125,4.9,2021-01-20
26,114,2.6,2021-01-21
30,62,0.3,2021-01-24
18,226,4.7,2021-01-25
7,8,3.2,2021-01-29
37,215,0.9,2021-01-29
50,196,4.3,2021-01-29
19,215,4.6,2021-01-30
47,216,4.1,2021-01-30
38,105,0.6,2021-01-31
36,133,4.6,2021-01-31
49,143,2.3,2021-01-31
7,65,5.0,2021-02-01
5,35,3.6,2021-02-02
46,38,4.7,2021-02-05
21,49,4.3,2021-02-05
24,226,0.6,2021-02-08
13,170,2.1,2021-02-08
13,170,2.1,2021-02-08
38,85,4.3,2021-02-08
46,31,4.5,2021-02-09
34,228,0.1,2021-02-10
2,125,4.5,2021-02-11
5,69,4.2,2021-02-11
10,131,2.8,2021-02-11
15,28,0.2,2021-02-12
41,81,4.2,2021-02-12
14,86,5.0,2021-02-12
23,21,3.9,2021-02-13
33,27,4.2,2021-02-14
33,27,4.2,2021-02-14
33,27,4.2,2021-02-14
10,67,3.4,2021-02-15
31,69,0.7,2021-02-17
50,80,3.0,2021-02-17
40,184,4.4,2021-02-17
39,197,3.1,2021-02-18
21,22,4.3,2021-02-20
46,184,2.5,2021-02-21
40,2,4.4,2021-02-21
3,98,4.9,2021-02-22
25,118,3.6,2021-02-27
47,25,3.5,2021-02-27
25,118,3.6,2021-02-27
35,59,3.5,2021-02-27
49,157,4.7,2021-02-28
45,205,4.1,2021-03-03
45,205,4.1,2021-03-03
45,205,4.1,2021-03-03
49,10,3.4,2021-03-05
7,227,4.2,2021-03-08
12,175,0.2,2021-03-08
2,61,4.4,2021-03-09
6,181,0.4,2021-03-09
6,181,0.4,2021-03-09
31,106,2.0,2021-03-09
25,179,4.0,2021-03-09
6,181,0.4,2021-03-09
6,181,0.4,2021-03-09
38,139,4.8,2021-03-11
3,150,4.1,2021-03-12
26,46,1.4,2021-03-12
5,142,4.4,2021-03-13
3,99,1.5,2021-03-13
3,99,1.5,2021-03-13
32,124,1.6,2021-03-14
45,145,1.0,2021-03-15
35,159,1.9,2021-03-17
39,132,4.9,2021-03-19
20,108,3.2,2021-03-20
26,56,4.4,2021-03-20
36,161,4.6,2021-03-21
36,161,4.6,2021-03-21
36,161,4.6,2021-03-21
36,161,4.6,2021-03-21
36,161,4.6,2021-03-21
21,129,0.2,2021-03-23
19,168,4.8,2021-03-23
29,88,0.2,2021-03-24
24,207,4.8,2021-03-27
45,14,4.0,2021-03-28
23,175,4.7,2021-03-28
7,106,4.1,2021-03-29
7,106,4.1,2021-03-29
14,166,4.1,2021-03-30
28,210,0.8,2021-03-31
4,68,4.9,2021-03-31
47,219,5.0,2021-03-31
35,80,3.1,2021-04-01
38,193,4.4,2021-04-02
32,46,1.8,2021-04-03
16,19,1.4,2021-04-04
14,16,4.5,2021-04-08
31,216,5.0,2021-04-11
4,76,3.8,2021-04-11
26,113,4.5,2021-04-13
26,113,4.5,2021-04-13
22,53,4.9,2021-04-15
40,107,4.7,2021-04-15
2,123,3.6,2021-04-16
21,123,3.8,2021-04-18
28,121,4.1,2021-04-19
29,170,3.6,2021-04-21
11,25,2.2,2021-04-22
46,110,4.4,2021-04-23
42,184,1.0,2021-04-25
5,154,4.3,2021-04-26
3,45,0.1,2021-04-26
4,21,4.9,2021-04-29
30,86,2.3,2021-05-01
50,36,2.1,2021-05-01
14,31,0.4,2021-05-01
2,149,4.1,2021-05-02
11,67,0.8,2021-05-02
27,73,0.7,2021-05-03
27,73,0.7,2021-05-03
27,73,0.7,2021-05-03
8,216,4.6,2021-05-05
26,166,4.8,2021-05-05
32,210,3.1,2021-05-07
17,106,4.1,2021-05-10
17,106,4.1,2021-05-10
6,139,4.8,2021-05-12
21,57,3.4,2021-05-18
1,166,4.3,2021-05-20
25,61,1.3,2021-05-21
6,62,0.0,2021-05-21
13,171,4.2,2021-05-22
17,105,4.3,2021-05-22
23,97,4.1,2021-05-23
5,70,4.1,2021-05-25
41,91,2.2,2021-05-26
4,33,4.2,2021-05-26
25,51,1.9,2021-05-26
4,33,4.2,2021-05-26
30,192,4.3,2021-05-26
4,33,4.2,2021-05-26
14,90,4.1,2021-05-27
16,164,4.8,2021-05-28
10,71,2.2,2021-05-28
10,71,2.2,2021-05-28
48,201,4.0,2021-06-02
45,110,4.9,2021-06-04
4,223,3.6,2021-06-05
40,136,4.4,2021-06-05
40,136,4.4,2021-06-05
18,138,3.4,2021-06-09
47,142,2.1,2021-06-11
47,142,2.1,2021-06-11
27,5,4.8,2021-06-14
41,208,4.6,2021-06-18
24,5,3.5,2021-06-21
43,47,3.4,2021-06-22
30,204,3.4,2021-06-23
9,102,0.8,2021-06-26
41,82,2.2,2021-06-27
11,86,4.0,2021-06-27
3,101,4.3,2021-06-27
19,26,2.2,2021-06-30
4,57,4.8,2021-06-30
8,187,4.1,2021-06-30
42,115,3.3,2021-07-01
12,31,4.8,2021-07-01
31,196,2.7,2021-07-04
30,220,4.3,2021-07-04
27,10,1.1,2021-07-04
43,120,1.1,2021-07-05
18,150,2.6,2021-07-10
12,110,4.4,2021-07-13
39,165,4.5,2021-07-14
18,70,4.9,2021-07-14
7,75,0.5,2021-07-15
49,2,1.7,2021-07-16
16,174,3.0,2021-07-16
32,80,4.7,2021-07-17
26,79,3.1,2021-07-21
32,185,4.6,2021-07-21
8,48,4.7,2021-07-23
18,13,5.0,2021-07-25
36,184,0.0,2021-07-25
4,108,3.9,2021-07-25
11,199,4.9,2021-07-26
11,199,4.9,2021-07-26
11,199,4.9,2021-07-26
11,199,4.9,2021-07-26
11,199,4.9,2021-07-26
11,199,4.9,2021-07-26
29,33,4.0,2021-07-29
34,154,4.6,2021-08-01
21,69,4.6,2021-08-02
25,186,4.3,2021-08-03
7,91,0.0,2021-08-05
45,122,0.0,2021-08-05
42,63,4.5,2021-08-05
16,7,5.0,2021-08-07
16,7,5.0,2021-08-07
10,182,4.7,2021-08-09
36,42,4.2,2021-08-09
13,92,4.1,2021-08-10
20,161,4.5,2021-08-10
41,17,4.3,2021-08-11
9,138,2.7,2021-08-11
46,151,4.9,2021-08-12
12,194,4.8,2021-08-15
46,182,4.2,2021-08-16
46,182,4.2,2021-08-16
46,182,4.2,2021-08-16
18,134,4.8,2021-08-17
38,200,4.6,2021-08-18
38,161,4.5,2021-08-18
38,161,4.5,2021-08-18
38,161,4.5,2021-08-18
23,42,4.2,2021-08-19
30,152,0.2,2021-08-20
7,84,0.1,2021-08-21
43,124,3.8,2021-08-22
25,215,2.0,2021-08-22
43,124,3.8,2021-08-22
43,124,3.8,2021-08-22
43,124,3.8,2021-08-22
43,124,3.8,2021-08-22
44,102,4.4,2021-08-26
19,94,4.6,2021-08-27
10,64,4.1,2021-08-27
22,117,3.8,2021-08-27
32,225,4.7,2021-08-28
23,222,4.5,2021-08-28
18,28,4.2,2021-09-01
37,187,3.6,2021-09-02
32,137,4.6,2021-09-03
28,156,3.0,2021-09-04
26,2,0.4,2021-09-04
17,220,4.7,2021-09-04
3,103,3.7,2021-09-06
45,217,2.3,2021-09-07
37,123,0.8,2021-09-09
26,108,0.8,2021-09-09
45,134,4.5,2021-09-10
32,101,4.2,2021-09-10
7,68,3.4,2021-09-11
50,39,3.8,2021-09-11
23,47,4.1,2021-09-12
31,206,4.0,2021-09-12
43,105,3.3,2021-09-13
16,144,4.5,2021-09-14
7,128,1.8,2021-09-14
8,73,4.5,2021-09-14
48,105,1.4,2021-09-15
48,105,1.4,2021-09-15
28,128,0.8,2021-09-15
38,59,4.4,2021-09-17
32,50,2.8,2021-09-17
33,131,0.4,2021-09-20
33,131,0.4,2021-09-20
2,228,4.9,2021-09-21
43,53,2.1,2021-09-22
43,53,2.1,2021-09-22
49,222,2.8,2021-09-22
50,33,1.1,2021-09-23
50,33,1.1,2021-09-23
12,120,4.5,2021-09-23
22,166,0.0,2021-09-23
47,54,4.9,2021-09-24
10,46,4.6,2021-09-24
12,44,0.3,2021-09-24
15,30,4.3,2021-09-27
19,91,4.9,2021-09-28
6,107,4.2,2021-09-29
6,110,0.0,2021-09-30
50,187,4.7,2021-10-01
17,33,4.9,2021-10-02
38,43,4.2,2021-10-03
4,175,0.4,2021-10-04
3,13,4.1,2021-10-04
42,108,0.3,2021-10-04
22,181,4.0,2021-10-06
28,2,2.3,2021-10-07
1,140,2.0,2021-10-08
38,22,4.4,2021-10-09
9,111,4.4,2021-10-10
49,57,2.6,2021-10-10
29,228,3.2,2021-10-15
23,87,4.0,2021-10-15
16,182,5.0,2021-10-16
37,24,2.0,2021-10-19
29,165,3.6,2021-10-20
29,165,3.6,2021-10-20
5,14,4.6,2021-10-21
5,14,4.6,2021-10-21
8,106,0.4,2021-10-22
36,106,4.7,2021-10-22
13,42,5.0,2021-10-23
48,83,4.4,2021-10-24
29,96,3.2,2021-10-24
9,177,3.0,2021-10-26
45,44,4.6,2021-10-26
23,71,4.8,2021-10-29
28,44,4.4,2021-10-30
10,214,4.9,2021-11-02
17,175,4.5,2021-11-02
39,52,4.4,2021-11-07
38,87,4.5,2021-11-08
38,87,4.5,2021-11-08
38,87,4.5,2021-11-08
37,66,1.5,2021-11-10
23,123,4.4,2021-11-10
50,99,0.6,2021-11-10
29,91,0.5,2021-11-10
46,176,3.5,2021-11-10
15,170,0.6,2021-11-11
4,13,4.0,2021-11-11
15,170,0.6,2021-11-11
15,170,0.6,2021-11-11
17,164,0.0,2021-11-13
47,199,2.5,2021-11-14
47,199,2.5,2021-11-14
11,32,4.1,2021-11-14
42,27,4.1,2021-11-16
28,160,4.9,2021-11-17
28,160,4.9,2021-11-17
28,160,4.9,2021-11-17
48,152,0.2,2021-11-17
30,131,4.7,2021-11-18
32,144,4.5,2021-11-19
19,106,2.2,2021-11-21
35,162,4.8,2021-11-23
15,27,1.4,2021-11-24
40,110,0.5,2021-11-24
10,119,4.3,2021-11-24
17,156,3.8,2021-11-25
35,75,4.5,2021-11-29
14,85,4.0,2021-11-30
41,23,0.7,2021-12-01
31,104,4.9,2021-12-05
40,63,2.3,2021-12-06
33,143,4.2,2021-12-06
18,104,4.0,2021-12-07
23,220,4.5,2021-12-07
12,115,2.5,2021-12-07
22,67,4.5,2021-12-09
27,3,0.5,2021-12-11
32,96,3.4,2021-12-15
3,195,4.1,2021-12-15
18,59,4.3,2021-12-15
6,2,4.1,2021-12-17
4,72,2.9,2021-12-17
13,69,2.8,2021-12-20
13,69,2.8,2021-12-20
13,69,2.8,2021-12-20
13,69,2.8,2021-12-20
21,89,4.7,2021-12-22
10,33,4.2,2021-12-22
10,33,4.2,2021-12-22
45,35,4.4,2021-12-22
15,186,4.4,2021-12-23
50,24,4.9,2021-12-25
18,170,4.3,2021-12-26
18,170,4.3,2021-12-26
18,170,4.3,2021-12-26
29,39,4.8,2021-12-27
28,149,0.2,2021-12-29
21,170,3.5,2022-01-05
21,170,3.5,2022-01-05
1,73,0.4,2022-01-05
23,79,4.8,2022-01-06
30,128,4.2,2022-01-08
32,109,2.5,2022-01-08
22,156,1.4,2022-01-08
16,40,2.5,2022-01-09
1,191,3.6,2022-01-11
14,121,3.4,2022-01-12
14,121,3.4,2022-01-12
11,205,4.2,2022-01-12
11,205,4.2,2022-01-12
14,121,3.4,2022-01-12
17,123,0.6,2022-01-12
35,122,4.7,2022-01-14
10,63,4.0,2022-01-17
1,56,2.6,2022-01-17
46,86,0.4,2022-01-18
17,79,4.9,2022-01-19
24,32,4.5,2022-01-19
10,76,1.5,2022-01-19
44,167,3.3,2022-01-21
10,158,2.1,2022-01-24
25,134,4.3,2022-01-25
3,209,4.9,2022-01-26
12,96,3.3,2022-01-27
17,183,4.1,2022-01-28
41,129,4.8,2022-01-30
10,174,3.6,2022-01-30
14,98,0.5,2022-01-30
28,211,1.8,2022-02-01
34,127,2.7,2022-02-02
33,120,0.5,2022-02-03
29,111,5.0,2022-02-04
14,174,3.4,2022-02-04
14,184,3.0,2022-02-06
37,74,0.5,2022-02-06
9,198,4.3,2022-02-06
30,2,0.2,2022-02-07
45,89,2.5,2022-02-07
22,100,4.4,2022-02-07
20,71,4.9,2022-02-08
12,88,0.5,2022-02-09
46,222,4.7,2022-02-10
44,89,4.0,2022-02-12
39,188,4.1,2022-02-13
1,182,4.5,2022-02-14
6,21,4.3,2022-02-15
1,107,4.2,2022-02-16
1,29,4.9,2022-02-17
48,151,4.4,2022-02-18
40,173,4.5,2022-02-19
40,173,4.5,2022-02-19
36,98,2.7,2022-02-20
30,194,4.2,2022-02-20
4,67,1.7,2022-02-22
41,32,4.3,2022-02-22
29,14,4.1,2022-02-23
29,14,4.1,2022-02-23
33,91,4.0,2022-02-24
17,163,1.1,2022-02-25
17,163,1.1,2022-02-25
17,163,1.1,2022-02-25
17,163,1.1,2022-02-25
22,64,4.5,2022-02-25
48,139,3.5,2022-02-25
24,168,4.2,2022-02-25
45,154,0.2,2022-02-28
34,150,3.5,2022-02-28
45,154,0.2,2022-02-28
15,111,4.9,2022-03-02
47,209,4.4,2022-03-04
22,62,2.8,2022-03-07
50,154,4.6,2022-03-08
50,154,4.6,2022-03-08
50,154,4.6,2022-03-08
24,17,3.4,2022-03-14
46,190,2.1,2022-03-15
23,181,3.8,2022-03-15
23,181,3.8,2022-03-15
24,24,1.7,2022-03-21
21,106,4.7,2022-03-23
42,221,4.2,2022-03-24
32,130,4.8,2022-03-24
45,120,3.5,2022-03-24
22,44,4.7,2022-03-26
4,88,2.7,2022-03-27
46,17,4.3,2022-03-27
5,44,4.4,2022-03-29
15,102,4.4,2022-03-30
8,102,4.3,2022-03-31
34,146,4.2,2022-03-31
12,67,4.6,2022-03-31
17,107,4.4,2022-03-31
40,166,4.7,2022-03-31
11,137,0.5,2022-04-02
45,25,1.2,2022-04-02
25,126,4.8,2022-04-05
33,200,3.2,2022-04-06
7,7,4.1,2022-04-12
5,177,4.1,2022-04-14
37,84,4.9,2022-04-14
23,43,4.1,2022-04-17
35,153,4.8,2022-04-18
34,33,4.4,2022-04-19
34,33,4.4,2022-04-19
12,7,4.7,2022-04-21
12,7,4.7,2022-04-21
12,7,4.7,2022-04-21
12,7,4.7,2022-04-21
2,216,4.4,2022-04-21
12,7,4.7,2022-04-21
9,27,2.4,2022-04-21
25,26,1.8,2022-04-22
26,47,4.2,2022-04-23
8,66,0.2,2022-04-23
41,170,4.8,2022-04-24
20,148,4.5,2022-04-26
49,166,5.0,2022-04-27
47,89,4.8,2022-04-27
45,24,4.9,2022-05-01
27,146,3.3,2022-05-02
49,16,4.0,2022-05-03
49,16,4.0,2022-05-03
23,75,4.9,2022-05-06
24,80,4.5,2022-05-06
31,67,4.5,2022-05-09
20,7,4.6,2022-05-10
20,7,4.6,2022-05-10
34,151,4.5,2022-05-13
26,71,3.1,2022-05-14
1,161,4.2,2022-05-15
1,161,4.2,2022-05-15
1,161,4.2,2022-05-15
24,98,4.6,2022-05-16
23,65,2.7,2022-05-16
41,164,1.5,2022-05-16
12,53,3.7,2022-05-16
31,215,4.1,2022-05-17
12,108,0.4,2022-05-18
15,134,2.1,2022-05-19
40,113,3.1,2022-05-22
49,182,4.8,2022-05-25
49,182,4.8,2022-05-25
49,182,4.8,2022-05-25
49,182,4.8,2022-05-25
6,200,4.3,2022-05-27
33,79,1.4,2022-05-29
26,75,4.4,2022-05-29
15,11,2.1,2022-05-29
46,63,2.1,2022-05-30
12,222,3.0,2022-05-31
37,92,3.6,2022-06-05
35,217,4.6,2022-06-05
9,149,4.7,2022-06-07
22,192,1.5,2022-06-07
22,192,1.5,2022-06-07
37,51,4.9,2022-06-10
29,168,4.7,2022-06-13
14,22,4.2,2022-06-15
37,126,4.3,2022-06-15
30,106,4.0,2022-06-16
8,188,4.9,2022-06-16
30,106,4.0,2022-06-16
30,106,4.0,2022-06-16
30,106,4.0,2022-06-16
30,106,4.0,2022-06-16
44,88,4.8,2022-06-17
39,10,0.9,2022-06-19
23,192,3.9,2022-06-20
50,198,2.5,2022-06-22
4,161,4.3,2022-06-23
46,107,4.6,2022-06-24
5,92,5.0,2022-06-25
36,107,4.2,2022-06-26
11,14,0.4,2022-06-27
42,128,4.4,2022-06-30
37,125,0.7,2022-07-01
5,94,3.9,2022-07-02
48,193,0.3,2022-07-02
15,146,3.3,2022-07-02
19,177,4.1,2022-07-03
7,87,4.7,2022-07-06
7,87,4.7,2022-07-06
11,94,0.1,2022-07-07
20,53,3.9,2022-07-07
14,43,4.6,2022-07-08
22,184,1.2,2022-07-08
44,158,1.5,2022-07-09
28,79,0.1,2022-07-09
22,96,4.8,2022-07-11
35,168,4.6,2022-07-11
16,105,1.9,2022-07-14
16,105,1.9,2022-07-14
16,105,1.9,2022-07-14
16,105,1.9,2022-07-14
28,103,3.8,2022-07-14
39,179,4.3,2022-07-17
2,208,0.4,2022-07-18
2,208,0.4,2022-07-18
19,208,4.3,2022-07-19
48,100,4.9,2022-07-20
8,137,4.6,2022-07-20
5,113,4.8,2022-07-21
49,106,4.6,2022-07-21
47,11,1.5,2022-07-26
33,31,4.0,2022-07-26
24,26,4.3,2022-07-26
47,11,1.5,2022-07-26
15,17,1.1,2022-07-26
31,22,3.3,2022-07-27
41,154,4.8,2022-07-28
41,154,4.8,2022-07-28
41,154,4.8,2022-07-28
20,19,3.2,2022-08-01
13,91,3.1,2022-08-03
14,76,5.0,2022-08-03
23,20,4.0,2022-08-03
28,203,4.2,2022-08-04
24,99,3.4,2022-08-04
13,95,4.5,2022-08-05
20,12,5.0,2022-08-06
34,39,4.3,2022-08-08
19,66,2.7,2022-08-11
36,203,4.0,2022-08-13
44,120,1.3,2022-08-17
14,44,2.2,2022-08-18
47,164,1.8,2022-08-18
35,226,4.2,2022-08-19
21,15,4.8,2022-08-19
15,73,4.4,2022-08-20
15,73,4.4,2022-08-20
8,59,5.0,2022-08-20
49,181,4.1,2022-08-22
19,140,3.7,2022-08-22
2,178,4.2,2022-08-26
42,227,0.1,2022-08-27
32,105,4.2,2022-08-29
5,112,4.7,2022-08-30
2,28,4.1,2022-08-31
41,48,0.9,2022-09-02
47,151,0.1,2022-09-03
26,37,4.0,2022-09-03
18,217,4.9,2022-09-04
43,21,4.5,2022-09-04
7,115,4.3,2022-09-05
39,54,4.5,2022-09-07
16,64,4.0,2022-09-07
23,16,4.7,2022-09-08
23,16,4.7,2022-09-08
23,16,4.7,2022-09-08
23,16,4.7,2022-09-08
38,57,4.3,2022-09-09
34,3,4.7,2022-09-11
10,117,2.8,2022-09-13
39,151,5.0,2022-09-13
40,12,3.8,2022-09-15
30,34,4.0,2022-09-15
34,162,0.9,2022-09-15
21,168,4.9,2022-09-16
40,40,1.6,2022-09-17
41,226,4.4,2022-09-17
7,52,1.2,2022-09-18
29,24,3.5,2022-09-19
5,132,2.8,2022-09-19
42,75,3.7,2022-09-25
9,116,4.9,2022-09-26
21,93,1.7,2022-09-27
21,78,3.8,2022-09-27
32,190,4.2,2022-09-28
19,218,4.7,2022-09-28
32,190,4.2,2022-09-28
30,158,3.4,2022-09-28
11,208,4.7,2022-09-29
25,84,4.7,2022-09-29
33,193,4.3,2022-09-30
6,202,3.8,2022-09-30
21,86,4.6,2022-10-01
7,119,0.1,2022-10-04
29,62,1.9,2022-10-05
43,157,2.2,2022-10-07
48,222,4.0,2022-10-07
19,199,4.5,2022-10-08
19,199,4.5,2022-10-08
19,199,4.5,2022-10-08
24,171,4.5,2022-10-10
17,65,3.1,2022-10-10
34,71,3.0,2022-10-13
34,71,3.0,2022-10-13
34,71,3.0,2022-10-13
34,71,3.0,2022-10-13
21,27,3.4,2022-10-15
17,21,4.9,2022-10-15
49,90,4.7,2022-10-16
43,167,2.4,2022-10-17
48,210,0.5,2022-10-18
42,190,4.2,2022-10-20
26,172,4.1,2022-10-20
17,158,2.5,2022-10-21
48,12,4.5,2022-10-22
13,134,1.6,2022-10-23
9,57,4.0,2022-10-25
37,122,4.1,2022-10-26
14,80,4.8,2022-10-26
41,168,4.5,2022-10-26
19,67,3.4,2022-10-26
3,18,0.6,2022-10-26
33,158,3.1,2022-10-27
35,177,4.6,2022-10-29
19,161,4.1,2022-10-29
17,128,4.1,2022-10-29
19,161,4.1,2022-10-29
33,224,2.0,2022-10-30
5,93,4.7,2022-10-30
19,206,0.8,2022-11-01
17,8,0.9,2022-11-01
44,171,4.8,2022-11-02
23,72,4.4,2022-11-03
15,9,4.8,2022-11-05
15,9,4.8,2022-11-05
15,9,4.8,2022-11-05
1,200,3.0,2022-11-09
27,51,4.5,2022-11-12
41,137,4.5,2022-11-12
27,205,2.3,2022-11-13
45,151,4.9,2022-11-13
32,17,2.7,2022-11-17
36,176,1.0,2022-11-18
8,151,4.4,2022-11-19
25,113,2.3,2022-11-19
17,181,1.2,2022-11-20
14,143,4.1,2022-11-22
27,180,4.2,2022-11-22
43,63,0.6,2022-11-24
7,16,4.6,2022-11-24
2,103,4.4,2022-11-25
16,98,0.5,2022-11-25
40,210,4.9,2022-11-27
41,186,4.1,2022-11-27
8,162,4.1,2022-11-27
23,134,0.2,2022-11-28
26,7,0.6,2022-11-29
15,123,4.9,2022-11-29
4,225,0.4,2022-11-30
33,172,3.3,2022-12-01
47,170,1.7,2022-12-02
47,170,1.7,2022-12-02
47,170,1.7,2022-12-02
50,146,4.7,2022-12-05
35,145,4.3,2022-12-05
34,32,4.8,2022-12-07
34,32,4.8,2022-12-07
50,103,2.9,2022-12-08
27,17,3.4,2022-12-08
46,50,5.0,2022-12-09
13,216,5.0,2022-12-09
13,226,2.6,2022-12-09
7,59,2.6,2022-12-10
29,103,4.8,2022-12-13
9,66,4.4,2022-12-13
11,89,0.7,2022-12-13
49,17,5.0,2022-12-19
21,207,4.0,2022-12-20
35,180,1.5,2022-12-22
18,159,2.1,2022-12-23
33,130,4.9,2022-12-23
7,33,4.5,2022-12-23
43,76,4.3,2022-12-25
20,17,4.5,2022-12-25
2,3,5.0,2022-12-26
16,203,1.3,2022-12-28
45,26,4.7,2022-12-29
36,182,4.7,2022-12-29
1,63,0.6,2022-12-29
43,73,4.6,2022-12-29
36,182,4.7,2022-12-29
36,182,4.7,2022-12-29
50,215,3.4,2022-12-30
25,178,4.9,2022-12-30
50,215,3.4,2022-12-30
50,215,3.4,2022-12-30
40,124,4.3,2023-01-02
28,96,4.4,2023-01-02
50,125,4.3,2023-01-02
50,125,4.3,2023-01-02
50,125,4.3,2023-01-02
37,41,3.1,2023-01-06
48,183,4.2,2023-01-06
41,161,5.0,2023-01-06
25,106,3.3,2023-01-08
25,106,3.3,2023-01-08
2,158,2.5,2023-01-09
2,131,1.8,2023-01-09
14,163,4.1,2023-01-10
46,183,3.0,2023-01-10
43,85,3.3,2023-01-10
30,83,3.6,2023-01-11
41,127,4.0,2023-01-13
8,158,4.0,2023-01-16
22,113,4.3,2023-01-17
15,55,5.0,2023-01-17
22,113,4.3,2023-01-17
3,216,2.4,2023-01-17
22,113,4.3,2023-01-17
18,94,2.6,2023-01-17
38,141,4.6,2023-01-18
37,178,4.8,2023-01-22
43,8,4.8,2023-01-27
11,177,2.6,2023-01-28
46,194,4.8,2023-01-28
38,136,4.9,2023-01-29
38,136,4.9,2023-01-29
38,136,4.9,2023-01-29
44,125,4.0,2023-01-30
30,100,0.4,2023-01-30
16,71,4.7,2023-01-31
16,71,4.7,2023-01-31
18,187,4.1,2023-02-01
7,71,4.0,2023-02-01
29,199,4.5,2023-02-01
16,114,3.9,2023-02-03
16,42,4.4,2023-02-03
31,15,0.6,2023-02-04
22,136,0.4,2023-02-05
22,136,0.4,2023-02-05
22,136,0.4,2023-02-05
28,200,4.9,2023-02-12
10,148,5.0,2023-02-15
42,31,2.4,2023-02-15
7,144,0.2,2023-02-16
48,7,3.7,2023-02-16
48,7,3.7,2023-02-16
35,14,3.8,2023-02-17
44,57,4.3,2023-02-17
35,14,3.8,2023-02-17
35,14,3.8,2023-02-17
35,14,3.8,2023-02-17
5,88,4.7,2023-02-18
41,199,1.5,2023-02-18
4,71,4.4,2023-02-20
18,215,4.5,2023-02-22
12,71,2.4,2023-02-22
43,10,3.4,2023-02-22
36,84,4.7,2023-02-23
32,134,4.8,2023-02-23
12,16,4.6,2023-02-24
36,79,4.7,2023-02-24
12,16,4.6,2023-02-24
29,197,3.7,2023-02-24
36,105,4.8,2023-02-25
49,75,3.1,2023-02-26
21,23,3.4,2023-02-26
3,127,0.6,2023-02-27
29,51,4.9,2023-02-28
22,55,4.3,2023-02-28
39,110,4.4,2023-02-28
43,161,4.6,2023-03-01
19,187,4.4,2023-03-01
11,113,2.1,2023-03-02
13,28,4.9,2023-03-02
3,95,0.7,2023-03-03
50,11,0.5,2023-03-03
50,11,0.5,2023-03-03
50,11,0.5,2023-03-03
25,197,3.6,2023-03-05
22,163,2.9,2023-03-06
44,104,4.5,2023-03-06
31,89,0.1,2023-03-06
27,59,3.5,2023-03-06
2,69,2.2,2023-03-07
1,143,3.1,2023-03-07
12,101,3.3,2023-03-08
42,71,3.6,2023-03-08
42,71,3.6,2023-03-08
42,71,3.6,2023-03-08
3,57,3.9,2023-03-12
25,74,4.8,2023-03-13
25,74,4.8,2023-03-13
15,199,0.4,2023-03-14
15,199,0.4,2023-03-14
2,168,1.9,2023-03-15
39,86,4.0,2023-03-18
19,44,4.3,2023-03-19
47,5,4.4,2023-03-19
41,62,3.2,2023-03-20
34,13,0.1,2023-03-21
41,135,4.5,2023-03-22
37,81,4.6,2023-03-23
16,93,4.8,2023-03-23
46,106,4.8,2023-03-24
46,106,4.8,2023-03-24
42,57,4.2,2023-03-25
20,140,4.3,2023-03-25
29,13,4.9,2023-03-25
27,22,0.7,2023-03-26
41,153,2.2,2023-03-27
12,105,4.4,2023-03-29
12,105,4.4,2023-03-29
30,182,3.8,2023-03-29
12,105,4.4,2023-03-29
30,182,3.8,2023-03-29
13,18,4.8,2023-04-01
21,47,2.9,2023-04-01
3,33,4.0,2023-04-01
38,133,4.6,2023-04-06
25,150,4.5,2023-04-06
45,206,1.4,2023-04-07
17,57,4.2,2023-04-09
36,201,4.1,2023-04-11
10,172,4.7,2023-04-12
28,65,4.1,2023-04-12
1,184,4.5,2023-04-12
29,134,4.7,2023-04-15
18,156,1.6,2023-04-16
9,161,2.3,2023-04-17
42,146,4.9,2023-04-17
9,161,2.3,2023-04-17
9,161,2.3,2023-04-17
36,130,4.4,2023-04-20
7,202,4.3,2023-04-20
24,42,4.9,2023-04-23
48,97,4.2,2023-04-23
20,174,3.1,2023-04-26
6,106,4.9,2023-04-27
6,106,4.9,2023-04-27
16,210,0.6,2023-04-27
46,90,3.3,2023-05-01
23,93,4.8,2023-05-01
20,80,2.1,2023-05-01
31,71,4.6,2023-05-03
49,190,4.7,2023-05-03
22,79,3.8,2023-05-04
19,171,4.7,2023-05-05
11,28,3.1,2023-05-05
11,228,4.6,2023-05-07
11,219,4.4,2023-05-08
23,67,4.1,2023-05-09
12,172,0.4,2023-05-12
40,222,2.0,2023-05-12
32,212,4.8,2023-05-13
39,153,1.8,2023-05-15
26,93,4.2,2023-05-15
39,27,4.5,2023-05-22
39,27,4.5,2023-05-22
21,205,0.4,2023-05-23
47,23,2.0,2023-05-24
19,132,4.5,2023-05-25
6,91,2.4,2023-05-25
45,48,4.7,2023-05-31
12,19,4.6,2023-06-01
49,141,4.2,2023-06-02
18,6,4.7,2023-06-03
48,146,5.0,2023-06-07
47,123,0.2,2023-06-07
47,138,4.6,2023-06-08
12,113,4.8,2023-06-10
11,111,4.2,2023-06-13
20,59,0.7,2023-06-13
23,213,4.5,2023-06-16
23,213,4.5,2023-06-16
21,149,4.4,2023-06-19
31,134,1.4,2023-06-20
37,104,4.6,2023-06-20
7,155,4.6,2023-06-20
24,162,1.8,2023-06-22
3,62,2.6,2023-06-22
35,120,4.3,2023-06-23
44,196,4.4,2023-06-24
4,113,4.4,2023-06-25
46,146,0.1,2023-06-25
7,223,4.3,2023-06-25
4,113,4.4,2023-06-25
37,161,2.6,2023-06-26
37,161,2.6,2023-06-26
34,104,3.9,2023-06-27
6,85,4.9,2023-06-28
49,65,2.6,2023-06-30
17,140,4.5,2023-06-30
14,19,1.7,2023-07-03
36,224,4.6,2023-07-04
49,156,0.0,2023-07-04
44,30,4.9,2023-07-04
8,164,3.8,2023-07-04
20,184,4.9,2023-07-06
38,90,4.2,2023-07-07
33,139,2.7,2023-07-07
25,95,1.6,2023-07-09
15,154,3.7,2023-07-10
13,10,1.0,2023-07-10
15,154,3.7,2023-07-10
42,101,4.3,2023-07-16
33,47,4.5,2023-07-16
13,75,4.5,2023-07-17
42,93,3.3,2023-07-17
15,13,4.7,2023-07-17
25,165,3.7,2023-07-19
25,165,3.7,2023-07-19
25,165,3.7,2023-07-19
25,165,3.7,2023-07-19
45,47,4.4,2023-07-20
35,164,0.4,2023-07-20
25,98,3.5,2023-07-21
35,134,2.3,2023-07-21
48,137,0.7,2023-07-22
22,144,2.4,2023-07-22
8,54,1.6,2023-07-24
6,214,1.0,2023-07-25
40,134,4.2,2023-07-26
47,110,4.3,2023-07-28
43,84,1.3,2023-07-28
5,127,4.8,2023-07-29
28,33,4.5,2023-07-29
35,52,5.0,2023-07-29
28,33,4.5,2023-07-29
49,172,0.3,2023-07-29
28,33,4.5,2023-07-29
16,10,4.9,2023-07-30
44,99,4.3,2023-07-31
50,189,0.8,2023-08-01
24,10,4.5,2023-08-01
15,188,4.4,2023-08-02
42,96,4.9,2023-08-04
38,46,2.2,2023-08-05
35,208,4.7,2023-08-06
21,94,1.9,2023-08-07
30,184,4.3,2023-08-07
16,96,1.0,2023-08-08
1,152,4.9,2023-08-09
6,60,4.0,2023-08-09
6,60,4.0,2023-08-09
39,17,1.1,2023-08-10
27,131,4.6,2023-08-10
23,110,4.6,2023-08-14
43,40,4.2,2023-08-15
38,62,4.1,2023-08-15
15,65,4.0,2023-08-17
39,59,4.6,2023-08-18
32,42,0.9,2023-08-18
23,107,4.4,2023-08-18
8,11,3.5,2023-08-19
37,219,4.9,2023-08-19
6,201,4.1,2023-08-19
1,62,2.9,2023-08-20
48,101,0.3,2023-08-21
29,177,5.0,2023-08-22
37,199,4.8,2023-08-22
9,104,3.7,2023-08-23
26,40,4.0,2023-08-24
6,227,4.7,2023-08-25
33,225,1.4,2023-08-25
23,183,3.8,2023-08-26
23,183,3.8,2023-08-26
23,183,3.8,2023-08-26
23,183,3.8,2023-08-26
13,102,4.8,2023-08-27
6,8,2.1,2023-08-27
32,203,2.7,2023-08-27
18,188,4.2,2023-08-30
30,43,4.4,2023-08-31
3,217,4.6,2023-09-01
38,164,4.5,2023-09-01
31,120,4.3,2023-09-03
1,149,4.3,2023-09-04
13,5,1.2,2023-09-04
27,137,4.9,2023-09-04
25,28,5.0,2023-09-05
29,6,4.1,2023-09-07
47,71,1.9,2023-09-07
47,71,1.9,2023-09-07
44,198,2.7,2023-09-10
35,132,4.1,2023-09-11
11,123,0.8,2023-09-11
10,3,4.7,2023-09-12
22,101,4.7,2023-09-15
1,8,2.1,2023-09-16
30,144,0.1,2023-09-17
32,133,4.0,2023-09-18
38,225,3.5,2023-09-19
41,120,0.1,2023-09-20
9,39,4.4,2023-09-21
5,73,4.3,2023-09-21
5,73,4.3,2023-09-21
36,60,4.6,2023-09-28
4,29,4.4,2023-10-03
1,59,1.4,2023-10-04
8,65,3.3,2023-10-04
14,183,4.1,2023-10-05
20,201,4.9,2023-10-06
2,88,2.3,2023-10-07
21,161,4.6,2023-10-07
21,161,4.6,2023-10-07
34,5,3.0,2023-10-07
21,161,4.6,2023-10-07
8,8,4.0,2023-10-08
17,68,4.8,2023-10-09
20,143,3.6,2023-10-09
27,167,4.1,2023-10-10
2,219,4.7,2023-10-11
12,107,1.6,2023-10-12
45,10,4.6,2023-10-13
9,108,0.3,2023-10-13
50,108,4.9,2023-10-17
10,140,2.0,2023-10-17
34,58,4.4,2023-10-18
32,8,4.6,2023-10-19
14,67,4.2,2023-10-21
12,117,3.3,2023-10-21
42,52,3.4,2023-10-23
23,214,4.4,2023-10-23
4,126,3.5,2023-10-23
18,27,4.9,2023-10-26
18,27,4.9,2023-10-26
18,27,4.9,2023-10-26
23,19,4.5,2023-10-28
32,19,0.8,2023-10-29
25,198,4.8,2023-10-29
36,152,3.2,2023-10-30
41,65,2.9,2023-10-31
47,26,4.6,2023-11-01
40,123,4.6,2023-11-02
39,217,4.9,2023-11-02
6,140,0.8,2023-11-02
21,58,4.7,2023-11-03
15,5,4.2,2023-11-03
37,23,4.8,2023-11-04
36,100,4.0,2023-11-04
37,52,4.9,2023-11-06
33,175,4.3,2023-11-07
47,150,2.2,2023-11-08
44,3,4.7,2023-11-10
1,108,2.9,2023-11-10
49,43,4.5,2023-11-11
17,213,3.5,2023-11-11
32,182,4.3,2023-11-11
22,65,4.1,2023-11-12
15,147,4.4,2023-11-13
2,80,4.8,2023-11-13
45,149,4.0,2023-11-13
13,199,4.6,2023-11-13
10,37,4.0,2023-11-14
18,54,4.7,2023-11-14
49,221,2.6,2023-11-14
7,29,3.7,2023-11-14
31,167,3.9,2023-11-15
26,96,4.6,2023-11-15
15,116,3.2,2023-11-18
19,45,0.7,2023-11-19
24,101,1.6,2023-11-21
41,9,4.6,2023-11-22
43,65,4.9,2023-11-22
9,167,4.4,2023-11-22
48,65,0.8,2023-11-26
36,88,3.5,2023-11-26
5,67,4.2,2023-11-26
31,209,3.8,2023-11-26
40,160,3.8,2023-11-27
30,225,4.2,2023-11-27
40,160,3.8,2023-11-27
20,220,3.5,2023-11-27
43,160,4.1,2023-11-29
29,44,1.6,2023-11-29
46,85,4.3,2023-11-30
46,85,4.3,2023-11-30
26,213,0.6,2023-12-03
6,88,4.2,2023-12-03
43,91,4.5,2023-12-05
31,55,4.0,2023-12-05
34,9,4.6,2023-12-06
34,9,4.6,2023-12-06
42,202,4.9,2023-12-06
34,9,4.6,2023-12-06
7,73,3.9,2023-12-07
20,90,0.6,2023-12-11
29,45,3.6,2023-12-11
16,37,0.8,2023-12-12
9,164,4.8,2023-12-12
36,115,4.9,2023-12-14
29,101,0.1,2023-12-14
9,38,0.7,2023-12-15
14,225,4.1,2023-12-15
24,28,4.8,2023-12-16
49,52,4.8,2023-12-18
2,127,4.0,2023-12-20
16,146,1.3,2023-12-23
24,189,3.5,2023-12-25
40,167,4.5,2023-12-28
36,136,4.9,2023-12-28
36,136,4.9,2023-12-28
48,164,1.1,2023-12-29
11,153,3.1,2023-12-29
